-- phpMyAdmin SQL Dump
-- version 5.2.0
-- https://www.phpmyadmin.net/
--
-- Host: 127.0.0.1
-- Generation Time: Jan 18, 2024 at 09:56 AM
-- Server version: 10.4.27-MariaDB
-- PHP Version: 8.0.25

SET SQL_MODE = "NO_AUTO_VALUE_ON_ZERO";
START TRANSACTION;
SET time_zone = "+00:00";


/*!40101 SET @OLD_CHARACTER_SET_CLIENT=@@CHARACTER_SET_CLIENT */;
/*!40101 SET @OLD_CHARACTER_SET_RESULTS=@@CHARACTER_SET_RESULTS */;
/*!40101 SET @OLD_COLLATION_CONNECTION=@@COLLATION_CONNECTION */;
/*!40101 SET NAMES utf8mb4 */;

--
-- Database: `toko_buah`
--

-- --------------------------------------------------------

--
-- Table structure for table `ci_sessions`
--

CREATE TABLE `ci_sessions` (
  `id` varchar(128) NOT NULL,
  `ip_address` varchar(45) NOT NULL,
  `timestamp` int(10) UNSIGNED NOT NULL DEFAULT 0,
  `data` blob NOT NULL
) ENGINE=InnoDB DEFAULT CHARSET=utf8mb4 COLLATE=utf8mb4_general_ci;

--
-- Dumping data for table `ci_sessions`
--

INSERT INTO `ci_sessions` (`id`, `ip_address`, `timestamp`, `data`) VALUES
('hd2qok6j4nnn4gddnglv25phn9chk71i', '::1', 1705505687, 0x5f5f63695f6c6173745f726567656e65726174657c693a313730353530353638373b7265646972656374696f6e7c4e3b5f5f4143544956455f53455353494f4e5f444154417c733a3235363a226138336365393066613062613563306566396231633161323133303264363037643265666362373863613133633063386630613437643339386661613336383132323061303766666166353332303132356165616132633137383961303061643661393434663534653632663630643930363131623561643638656134386462685a784a55544363454131576c73662f396555374942514531627246466f4357505747583254747066496d58334330544b626b726577757a6e315a35504b356e3450516f6e5a776a62705256453167336e726f4c335a33644f415761632b474a3779615959456f553750516a64697137314e4c5342526e6256486f48546e396a223b),
('2bihftsvvn40ndl1l514lqj56mbo070b', '::1', 1705506003, 0x5f5f63695f6c6173745f726567656e65726174657c693a313730353530363030333b7265646972656374696f6e7c4e3b5f5f4143544956455f53455353494f4e5f444154417c733a3235363a226138336365393066613062613563306566396231633161323133303264363037643265666362373863613133633063386630613437643339386661613336383132323061303766666166353332303132356165616132633137383961303061643661393434663534653632663630643930363131623561643638656134386462685a784a55544363454131576c73662f396555374942514531627246466f4357505747583254747066496d58334330544b626b726577757a6e315a35504b356e3450516f6e5a776a62705256453167336e726f4c335a33644f415761632b474a3779615959456f553750516a64697137314e4c5342526e6256486f48546e396a223b73657474696e67735f666c6173687c733a33303a2250656e6761747572616e20626572686173696c2064697065726261727569223b5f5f63695f766172737c613a313a7b733a31343a2273657474696e67735f666c617368223b733a333a226f6c64223b7d),
('7318484qjppo1vlsug4p0libc78m76pj', '::1', 1705506565, 0x5f5f63695f6c6173745f726567656e65726174657c693a313730353530363536353b7265646972656374696f6e7c4e3b5f5f4143544956455f53455353494f4e5f444154417c733a3235363a226138346365643736336562306231333832393063373034303365643764383030336664636232386364353034306339633765303435616437376663326564373132326261326231666438383866343066323331393932613236303663326236646639316332646663323634653366616638646431346537323437623533303363755948356a51586e6d494155637a54754466544b7a752f2b617172386e43572b744867336e3556373159786855756152494475613866664f654f7561394d336b584d544d6b38734c7575784b72547632434c43557450386f484666332b59532f366e5642524553427a5768376f66764a78336e674a4b45763953334650785568223b73657474696e67735f666c6173687c733a33303a2250656e6761747572616e20626572686173696c2064697065726261727569223b5f5f63695f766172737c613a343a7b733a31343a2273657474696e67735f666c617368223b733a333a226f6c64223b733a31313a226c6f67696e5f666c617368223b733a333a226f6c64223b733a31313a2273746f72655f666c617368223b733a333a226f6c64223b733a31313a226f726465725f666c617368223b733a333a226f6c64223b7d6c6f67696e5f666c6173687c733a35323a22557365722064656e67616e20757365726e616d65203c623e637573746f6d65723c2f623e20746964616b20746572646166746172223b73746f72655f666c6173687c733a32363a2250656e646166746172616e20616b756e20626572686173696c21223b6f726465725f666c6173687c733a32363a224f7264657220626572686173696c20646974616d6261686b616e223b),
('170htdsf3eo493gads4v6ips4kb8esqg', '::1', 1705506878, 0x5f5f63695f6c6173745f726567656e65726174657c693a313730353530363837383b7265646972656374696f6e7c4e3b73657474696e67735f666c6173687c733a33303a2250656e6761747572616e20626572686173696c2064697065726261727569223b5f5f63695f766172737c613a343a7b733a31343a2273657474696e67735f666c617368223b733a333a226f6c64223b733a31313a226c6f67696e5f666c617368223b733a333a226f6c64223b733a31313a2273746f72655f666c617368223b733a333a226f6c64223b733a31313a226f726465725f666c617368223b733a333a226f6c64223b7d6c6f67696e5f666c6173687c733a31363a22426572686173696c206c6f676f757421223b73746f72655f666c6173687c733a32363a2250656e646166746172616e20616b756e20626572686173696c21223b6f726465725f666c6173687c733a32363a224f7264657220626572686173696c20646974616d6261686b616e223b5f5f4143544956455f53455353494f4e5f444154417c733a3235363a226465386639383836633562383633376162336235386333396434636138363039323839633664353138393035653231313166363933386263633937613036636131613638383038343235613437356236303134373138306162393963356532616137303536383336663265353431613731306136373431633331653364313861573265454d4e5a5061562f552f4975546539797071743246575275713450756a52786d794c3537484575664d7761694262697a4f44764362586d442b644b6779426935625631734d394f50536e567a55354f4f5a5338563876496e4d386a776b392f78315334542b4d37454761474257657177592b376e734238525945616744223b),
('ore7qld1pn25sqkdsbbl36e4tn7js40h', '::1', 1705507184, 0x5f5f63695f6c6173745f726567656e65726174657c693a313730353530373138343b7265646972656374696f6e7c4e3b73657474696e67735f666c6173687c733a33303a2250656e6761747572616e20626572686173696c2064697065726261727569223b5f5f63695f766172737c613a363a7b733a31343a2273657474696e67735f666c617368223b733a333a226f6c64223b733a31313a226c6f67696e5f666c617368223b733a333a226f6c64223b733a31313a2273746f72655f666c617368223b733a333a226f6c64223b733a31313a226f726465725f666c617368223b733a333a226f6c64223b733a31383a22656469745f70726f647563745f666c617368223b733a333a226f6c64223b733a31333a227061796d656e745f666c617368223b733a333a226f6c64223b7d6c6f67696e5f666c6173687c733a31363a22426572686173696c206c6f676f757421223b73746f72655f666c6173687c733a32363a2250656e646166746172616e20616b756e20626572686173696c21223b6f726465725f666c6173687c733a32363a224f7264657220626572686173696c20646974616d6261686b616e223b5f5f4143544956455f53455353494f4e5f444154417c733a3235363a223739613266653663343165356431623833633437376163366362316364666237636230653465323333376539653430623838623531333232353862323665616333616531336139323032383636366132323832326266653465326234336665666635313062613635663166313033313264306433353834323033656165326262766b4978332f385a4a355a4d7650556477784c653378527549574f6d7474476674316c306872624b48303335432f6b4374594a75714d39376b657a5a564a4b6a345763335133663963516a683058686c644555362f313676576d69706b342b364c657046616f6d59415646764f2f4a784133724d6c36385a2f36575358663548223b656469745f70726f647563745f666c6173687c733a32373a2250726f64756b20626572686173696c206469706572626172756921223b7061796d656e745f666c6173687c733a37393a224b6f6e6669726d61736920626572686173696c2064696c616b756b616e2e2041646d696e20616b616e206d656d7665726966696b6173696e79612064616c616d2077616b74752031783234206a616d223b),
('nk3j6jttfnuc5dj4t5bsl51fa4ochhqc', '::1', 1705508007, 0x5f5f63695f6c6173745f726567656e65726174657c693a313730353530383030373b7265646972656374696f6e7c4e3b73657474696e67735f666c6173687c733a33303a2250656e6761747572616e20626572686173696c2064697065726261727569223b5f5f63695f766172737c613a373a7b733a31343a2273657474696e67735f666c617368223b733a333a226f6c64223b733a31313a226c6f67696e5f666c617368223b733a333a226f6c64223b733a31313a2273746f72655f666c617368223b733a333a226f6c64223b733a31313a226f726465725f666c617368223b733a333a226f6c64223b733a31383a22656469745f70726f647563745f666c617368223b733a333a226f6c64223b733a31333a227061796d656e745f666c617368223b733a333a226f6c64223b733a31323a227265766965775f666c617368223b733a333a226f6c64223b7d6c6f67696e5f666c6173687c733a31363a22426572686173696c206c6f676f757421223b73746f72655f666c6173687c733a32363a2250656e646166746172616e20616b756e20626572686173696c21223b6f726465725f666c6173687c733a32363a2253746174757320626572686173696c2064697065726261727569223b656469745f70726f647563745f666c6173687c733a32373a2250726f64756b20626572686173696c206469706572626172756921223b7061796d656e745f666c6173687c733a33323a2250656d6261796172616e20626572686173696c2064696b6f6e6669726d617369223b7265766965775f666c6173687c733a32363a2252657669657720626572686173696c2064696b6972696d6b616e223b5f5f4143544956455f53455353494f4e5f444154417c733a3235363a22363165636433666636623137363233363935346165373036373331646134636439346133376666316336656333306130396234373737643464303438303137646430363962323238343535306639313234323030396339626439333963346337393663666234616465633233363635316266653365343261363338303638303673376e4e344b36594b49424c43395a35337276514e6e50386a4633364b59326b4b32307235546656736b74765164666e50334661686834443268665334574d7a5264533777726c5a52374e6e787778486850496e6650655548316c77744b664872476f436532427144436430557041477236426c312f5175462f79735833776f223b),
('qfkrvp5vaiia3d5vj4i7q0j9bpk4r08h', '::1', 1705508362, 0x5f5f63695f6c6173745f726567656e65726174657c693a313730353530383336323b7265646972656374696f6e7c4e3b73657474696e67735f666c6173687c733a33303a2250656e6761747572616e20626572686173696c2064697065726261727569223b5f5f63695f766172737c613a373a7b733a31343a2273657474696e67735f666c617368223b733a333a226f6c64223b733a31313a226c6f67696e5f666c617368223b733a333a226f6c64223b733a31313a2273746f72655f666c617368223b733a333a226f6c64223b733a31313a226f726465725f666c617368223b733a333a226f6c64223b733a31383a22656469745f70726f647563745f666c617368223b733a333a226f6c64223b733a31333a227061796d656e745f666c617368223b733a333a226f6c64223b733a31323a227265766965775f666c617368223b733a333a226f6c64223b7d6c6f67696e5f666c6173687c733a31363a22426572686173696c206c6f676f757421223b73746f72655f666c6173687c733a32363a2250656e646166746172616e20616b756e20626572686173696c21223b6f726465725f666c6173687c733a32363a2253746174757320626572686173696c2064697065726261727569223b656469745f70726f647563745f666c6173687c733a32373a2250726f64756b20626572686173696c206469706572626172756921223b7061796d656e745f666c6173687c733a33323a2250656d6261796172616e20626572686173696c2064696b6f6e6669726d617369223b7265766965775f666c6173687c733a32363a2252657669657720626572686173696c2064696b6972696d6b616e223b5f5f4143544956455f53455353494f4e5f444154417c733a3235363a2231363465396234623531666430333538306166306330333634653537373261313537393966653162323936326665613233336339363564623832383530356230633836353135643738383631343139656137616139623637333864373233326662336333303936326364363730396163353062313732373334373262343761367a454865707a734f6676784c56546873736344747a2f3031482b77627444332b346a58615a33336577657833564f45313457424131564a367575556e3447727678572b4379596e45355143543836714535353869644755536c63746463545777413070592b6977676e6a70356c35553338316c39475856556576527633796a53223b),
('etp0fphctldtuptvkj26jf1j751695bg', '::1', 1705508806, 0x5f5f63695f6c6173745f726567656e65726174657c693a313730353530383830363b7265646972656374696f6e7c4e3b73657474696e67735f666c6173687c733a33303a2250656e6761747572616e20626572686173696c2064697065726261727569223b5f5f63695f766172737c613a373a7b733a31343a2273657474696e67735f666c617368223b733a333a226f6c64223b733a31313a226c6f67696e5f666c617368223b733a333a226f6c64223b733a31313a2273746f72655f666c617368223b733a333a226f6c64223b733a31313a226f726465725f666c617368223b733a333a226f6c64223b733a31383a22656469745f70726f647563745f666c617368223b733a333a226f6c64223b733a31333a227061796d656e745f666c617368223b733a333a226f6c64223b733a31323a227265766965775f666c617368223b733a333a226f6c64223b7d6c6f67696e5f666c6173687c733a31363a22426572686173696c206c6f676f757421223b73746f72655f666c6173687c733a32363a2250656e646166746172616e20616b756e20626572686173696c21223b6f726465725f666c6173687c733a32363a2253746174757320626572686173696c2064697065726261727569223b656469745f70726f647563745f666c6173687c733a32373a2250726f64756b20626572686173696c206469706572626172756921223b7061796d656e745f666c6173687c733a33323a2250656d6261796172616e20626572686173696c2064696b6f6e6669726d617369223b7265766965775f666c6173687c733a32363a2252657669657720626572686173696c2064696b6972696d6b616e223b5f5f4143544956455f53455353494f4e5f444154417c733a3235363a2231363465396234623531666430333538306166306330333634653537373261313537393966653162323936326665613233336339363564623832383530356230633836353135643738383631343139656137616139623637333864373233326662336333303936326364363730396163353062313732373334373262343761367a454865707a734f6676784c56546873736344747a2f3031482b77627444332b346a58615a33336577657833564f45313457424131564a367575556e3447727678572b4379596e45355143543836714535353869644755536c63746463545777413070592b6977676e6a70356c35553338316c39475856556576527633796a53223b),
('04k8v5hu9t4kt6k911vrn44thepjo161', '::1', 1705509109, 0x5f5f63695f6c6173745f726567656e65726174657c693a313730353530393130393b7265646972656374696f6e7c4e3b73657474696e67735f666c6173687c733a33303a2250656e6761747572616e20626572686173696c2064697065726261727569223b5f5f63695f766172737c613a373a7b733a31343a2273657474696e67735f666c617368223b733a333a226f6c64223b733a31313a226c6f67696e5f666c617368223b733a333a226f6c64223b733a31313a2273746f72655f666c617368223b733a333a226f6c64223b733a31313a226f726465725f666c617368223b733a333a226f6c64223b733a31383a22656469745f70726f647563745f666c617368223b733a333a226f6c64223b733a31333a227061796d656e745f666c617368223b733a333a226f6c64223b733a31323a227265766965775f666c617368223b733a333a226f6c64223b7d6c6f67696e5f666c6173687c733a31363a22426572686173696c206c6f676f757421223b73746f72655f666c6173687c733a32363a2250656e646166746172616e20616b756e20626572686173696c21223b6f726465725f666c6173687c733a32363a2253746174757320626572686173696c2064697065726261727569223b656469745f70726f647563745f666c6173687c733a32373a2250726f64756b20626572686173696c206469706572626172756921223b7061796d656e745f666c6173687c733a33323a2250656d6261796172616e20626572686173696c2064696b6f6e6669726d617369223b7265766965775f666c6173687c733a32363a2252657669657720626572686173696c2064696b6972696d6b616e223b5f5f4143544956455f53455353494f4e5f444154417c733a3235363a2231363465396234623531666430333538306166306330333634653537373261313537393966653162323936326665613233336339363564623832383530356230633836353135643738383631343139656137616139623637333864373233326662336333303936326364363730396163353062313732373334373262343761367a454865707a734f6676784c56546873736344747a2f3031482b77627444332b346a58615a33336577657833564f45313457424131564a367575556e3447727678572b4379596e45355143543836714535353869644755536c63746463545777413070592b6977676e6a70356c35553338316c39475856556576527633796a53223b),
('229o0o2um20ul9rdtca545p7bvuibss7', '::1', 1705509420, 0x5f5f63695f6c6173745f726567656e65726174657c693a313730353530393432303b7265646972656374696f6e7c4e3b73657474696e67735f666c6173687c733a33303a2250656e6761747572616e20626572686173696c2064697065726261727569223b5f5f63695f766172737c613a373a7b733a31343a2273657474696e67735f666c617368223b733a333a226f6c64223b733a31313a226c6f67696e5f666c617368223b733a333a226f6c64223b733a31313a2273746f72655f666c617368223b733a333a226f6c64223b733a31313a226f726465725f666c617368223b733a333a226f6c64223b733a31383a22656469745f70726f647563745f666c617368223b733a333a226f6c64223b733a31333a227061796d656e745f666c617368223b733a333a226f6c64223b733a31323a227265766965775f666c617368223b733a333a226f6c64223b7d6c6f67696e5f666c6173687c733a31363a22426572686173696c206c6f676f757421223b73746f72655f666c6173687c733a32363a2250656e646166746172616e20616b756e20626572686173696c21223b6f726465725f666c6173687c733a32363a2253746174757320626572686173696c2064697065726261727569223b656469745f70726f647563745f666c6173687c733a32373a2250726f64756b20626572686173696c206469706572626172756921223b7061796d656e745f666c6173687c733a33323a2250656d6261796172616e20626572686173696c2064696b6f6e6669726d617369223b7265766965775f666c6173687c733a32363a2252657669657720626572686173696c2064696b6972696d6b616e223b5f5f4143544956455f53455353494f4e5f444154417c733a3235363a2231363465396234623531666430333538306166306330333634653537373261313537393966653162323936326665613233336339363564623832383530356230633836353135643738383631343139656137616139623637333864373233326662336333303936326364363730396163353062313732373334373262343761367a454865707a734f6676784c56546873736344747a2f3031482b77627444332b346a58615a33336577657833564f45313457424131564a367575556e3447727678572b4379596e45355143543836714535353869644755536c63746463545777413070592b6977676e6a70356c35553338316c39475856556576527633796a53223b),
('u95fhbu395ejn6ts3ijmgviltqo5224s', '::1', 1705509763, 0x5f5f63695f6c6173745f726567656e65726174657c693a313730353530393736333b7265646972656374696f6e7c4e3b73657474696e67735f666c6173687c733a33303a2250656e6761747572616e20626572686173696c2064697065726261727569223b5f5f63695f766172737c613a373a7b733a31343a2273657474696e67735f666c617368223b733a333a226f6c64223b733a31313a226c6f67696e5f666c617368223b733a333a226f6c64223b733a31313a2273746f72655f666c617368223b733a333a226f6c64223b733a31313a226f726465725f666c617368223b733a333a226f6c64223b733a31383a22656469745f70726f647563745f666c617368223b733a333a226f6c64223b733a31333a227061796d656e745f666c617368223b733a333a226f6c64223b733a31323a227265766965775f666c617368223b733a333a226f6c64223b7d6c6f67696e5f666c6173687c733a31363a22426572686173696c206c6f676f757421223b73746f72655f666c6173687c733a32363a2250656e646166746172616e20616b756e20626572686173696c21223b6f726465725f666c6173687c733a32363a2253746174757320626572686173696c2064697065726261727569223b656469745f70726f647563745f666c6173687c733a32373a2250726f64756b20626572686173696c206469706572626172756921223b7061796d656e745f666c6173687c733a33323a2250656d6261796172616e20626572686173696c2064696b6f6e6669726d617369223b7265766965775f666c6173687c733a32363a2252657669657720626572686173696c2064696b6972696d6b616e223b),
('ojlu42utl1iuuifglm7ro0rnd1r1bkgs', '::1', 1705510080, 0x5f5f63695f6c6173745f726567656e65726174657c693a313730353531303038303b7265646972656374696f6e7c4e3b73657474696e67735f666c6173687c733a33303a2250656e6761747572616e20626572686173696c2064697065726261727569223b5f5f63695f766172737c613a373a7b733a31343a2273657474696e67735f666c617368223b733a333a226f6c64223b733a31313a226c6f67696e5f666c617368223b733a333a226f6c64223b733a31313a2273746f72655f666c617368223b733a333a226f6c64223b733a31313a226f726465725f666c617368223b733a333a226f6c64223b733a31383a22656469745f70726f647563745f666c617368223b733a333a226f6c64223b733a31333a227061796d656e745f666c617368223b733a333a226f6c64223b733a31323a227265766965775f666c617368223b733a333a226f6c64223b7d6c6f67696e5f666c6173687c733a31363a22426572686173696c206c6f676f757421223b73746f72655f666c6173687c733a32363a2250656e646166746172616e20616b756e20626572686173696c21223b6f726465725f666c6173687c733a32363a2253746174757320626572686173696c2064697065726261727569223b656469745f70726f647563745f666c6173687c733a32373a2250726f64756b20626572686173696c206469706572626172756921223b7061796d656e745f666c6173687c733a33323a2250656d6261796172616e20626572686173696c2064696b6f6e6669726d617369223b7265766965775f666c6173687c733a32363a2252657669657720626572686173696c2064696b6972696d6b616e223b5f5f4143544956455f53455353494f4e5f444154417c733a3235363a223538613264316533653436663936316161636462633164613161346362363839363939366165643334356363393938373631306366393739396338646563303564376132376462313162343234613766346663336439333434323633656232663535656666343666323030303835653037353535663134663263313265353633426f4946545667766f53752f6e796c452f4b46734f486277763938644438627738424c4f62432b613467616570484d4d69796c484b66674a2b58335533534a453838516b6141793964395367745556334968784354696145796e61326e6a6c78306d756a477a5635564741366b2f73794843744c47623438306c324e4b467039223b),
('m3egaenh5ha8soc3mkseb0ouabhnp70i', '::1', 1705510413, 0x5f5f63695f6c6173745f726567656e65726174657c693a313730353531303431333b7265646972656374696f6e7c4e3b73657474696e67735f666c6173687c733a33303a2250656e6761747572616e20626572686173696c2064697065726261727569223b5f5f63695f766172737c613a373a7b733a31343a2273657474696e67735f666c617368223b733a333a226f6c64223b733a31313a226c6f67696e5f666c617368223b733a333a226f6c64223b733a31313a2273746f72655f666c617368223b733a333a226f6c64223b733a31313a226f726465725f666c617368223b733a333a226f6c64223b733a31383a22656469745f70726f647563745f666c617368223b733a333a226f6c64223b733a31333a227061796d656e745f666c617368223b733a333a226f6c64223b733a31323a227265766965775f666c617368223b733a333a226f6c64223b7d6c6f67696e5f666c6173687c733a31363a22426572686173696c206c6f676f757421223b73746f72655f666c6173687c733a32363a2250656e646166746172616e20616b756e20626572686173696c21223b6f726465725f666c6173687c733a32363a2253746174757320626572686173696c2064697065726261727569223b656469745f70726f647563745f666c6173687c733a32373a2250726f64756b20626572686173696c206469706572626172756921223b7061796d656e745f666c6173687c733a33323a2250656d6261796172616e20626572686173696c2064696b6f6e6669726d617369223b7265766965775f666c6173687c733a32363a2252657669657720626572686173696c2064696b6972696d6b616e223b5f5f4143544956455f53455353494f4e5f444154417c733a3235363a223538613264316533653436663936316161636462633164613161346362363839363939366165643334356363393938373631306366393739396338646563303564376132376462313162343234613766346663336439333434323633656232663535656666343666323030303835653037353535663134663263313265353633426f4946545667766f53752f6e796c452f4b46734f486277763938644438627738424c4f62432b613467616570484d4d69796c484b66674a2b58335533534a453838516b6141793964395367745556334968784354696145796e61326e6a6c78306d756a477a5635564741366b2f73794843744c47623438306c324e4b467039223b),
('c52fdahmngtk8pb3llfsv5hs3408h8b4', '::1', 1705510721, 0x5f5f63695f6c6173745f726567656e65726174657c693a313730353531303732313b73657474696e67735f666c6173687c733a33303a2250656e6761747572616e20626572686173696c2064697065726261727569223b5f5f63695f766172737c613a373a7b733a31343a2273657474696e67735f666c617368223b733a333a226f6c64223b733a31313a226c6f67696e5f666c617368223b733a333a226f6c64223b733a31313a2273746f72655f666c617368223b733a333a226f6c64223b733a31313a226f726465725f666c617368223b733a333a226f6c64223b733a31383a22656469745f70726f647563745f666c617368223b733a333a226f6c64223b733a31333a227061796d656e745f666c617368223b733a333a226f6c64223b733a31323a227265766965775f666c617368223b733a333a226f6c64223b7d6c6f67696e5f666c6173687c733a31363a22426572686173696c206c6f676f757421223b73746f72655f666c6173687c733a32363a2250656e646166746172616e20616b756e20626572686173696c21223b6f726465725f666c6173687c733a32363a2253746174757320626572686173696c2064697065726261727569223b656469745f70726f647563745f666c6173687c733a32373a2250726f64756b20626572686173696c206469706572626172756921223b7061796d656e745f666c6173687c733a33323a2250656d6261796172616e20626572686173696c2064696b6f6e6669726d617369223b7265766965775f666c6173687c733a32363a2252657669657720626572686173696c2064696b6972696d6b616e223b7265646972656374696f6e7c4e3b5f5f4143544956455f53455353494f4e5f444154417c733a3235363a223839613838336133323666316261376230626532666630336336343565666635316231313930323461343938623939353462656534633436643862666532643131646133313765393463643732343763393061313339613463633032663139373734376134326337663435343739653238633333663031323431636462326633504d545658353955657633754f326f636f7351596d626f6f4c416346424e6271436c456e6c7a54564a7243775364426d575563464e4b553872476a626c53613872784d4579706e4176623479306b4649794d36553153335278343955396170446648454c7565394e772b3139717130367531554c6f4f3057513362634266642f223b),
('7vkll67v2ea9sqq6apqt0r4qppdoob9q', '::1', 1705511579, 0x5f5f63695f6c6173745f726567656e65726174657c693a313730353531313537393b73657474696e67735f666c6173687c733a33303a2250656e6761747572616e20626572686173696c2064697065726261727569223b5f5f63695f766172737c613a373a7b733a31343a2273657474696e67735f666c617368223b733a333a226f6c64223b733a31313a226c6f67696e5f666c617368223b733a333a226f6c64223b733a31313a2273746f72655f666c617368223b733a333a226f6c64223b733a31313a226f726465725f666c617368223b733a333a226f6c64223b733a31383a22656469745f70726f647563745f666c617368223b733a333a226f6c64223b733a31333a227061796d656e745f666c617368223b733a333a226f6c64223b733a31323a227265766965775f666c617368223b733a333a226f6c64223b7d6c6f67696e5f666c6173687c733a31363a22426572686173696c206c6f676f757421223b73746f72655f666c6173687c733a32363a2250656e646166746172616e20616b756e20626572686173696c21223b6f726465725f666c6173687c733a32363a2253746174757320626572686173696c2064697065726261727569223b656469745f70726f647563745f666c6173687c733a32373a2250726f64756b20626572686173696c206469706572626172756921223b7061796d656e745f666c6173687c733a33323a2250656d6261796172616e20626572686173696c2064696b6f6e6669726d617369223b7265766965775f666c6173687c733a32363a2252657669657720626572686173696c2064696b6972696d6b616e223b7265646972656374696f6e7c4e3b5f5f4143544956455f53455353494f4e5f444154417c733a3235363a223839613838336133323666316261376230626532666630336336343565666635316231313930323461343938623939353462656534633436643862666532643131646133313765393463643732343763393061313339613463633032663139373734376134326337663435343739653238633333663031323431636462326633504d545658353955657633754f326f636f7351596d626f6f4c416346424e6271436c456e6c7a54564a7243775364426d575563464e4b553872476a626c53613872784d4579706e4176623479306b4649794d36553153335278343955396170446648454c7565394e772b3139717130367531554c6f4f3057513362634266642f223b),
('86ce35k3fn0p2dgdngbud2e67jhq2rmh', '::1', 1705512015, 0x5f5f63695f6c6173745f726567656e65726174657c693a313730353531323031353b73657474696e67735f666c6173687c733a33303a2250656e6761747572616e20626572686173696c2064697065726261727569223b5f5f63695f766172737c613a373a7b733a31343a2273657474696e67735f666c617368223b733a333a226f6c64223b733a31313a226c6f67696e5f666c617368223b733a333a226f6c64223b733a31313a2273746f72655f666c617368223b733a333a226f6c64223b733a31313a226f726465725f666c617368223b733a333a226f6c64223b733a31383a22656469745f70726f647563745f666c617368223b733a333a226f6c64223b733a31333a227061796d656e745f666c617368223b733a333a226f6c64223b733a31323a227265766965775f666c617368223b733a333a226f6c64223b7d6c6f67696e5f666c6173687c733a31363a22426572686173696c206c6f676f757421223b73746f72655f666c6173687c733a32363a2250656e646166746172616e20616b756e20626572686173696c21223b6f726465725f666c6173687c733a32363a2253746174757320626572686173696c2064697065726261727569223b656469745f70726f647563745f666c6173687c733a32373a2250726f64756b20626572686173696c206469706572626172756921223b7061796d656e745f666c6173687c733a33323a2250656d6261796172616e20626572686173696c2064696b6f6e6669726d617369223b7265766965775f666c6173687c733a32363a2252657669657720626572686173696c2064696b6972696d6b616e223b7265646972656374696f6e7c4e3b5f5f4143544956455f53455353494f4e5f444154417c733a3235363a226530376136313334393638643035393238383133616361646633653234326266313861363864653139303535656261383161303835373961306432316135323430346166633762616566303363333330396639613939623361356262373239366234383338643337616531393932356638393338326234633532616230616263326a3832373954684f2b30795562515832527830345046434e585849374f79736a324278764153746b7752394d5a4f53384a5657547962414670534d30704a6356446437585a6839313673785635326147782f6f6b6350564f58676448763065747448514e74386d7056465970645a4145396b7979386b4e627a4b6b6157547a223b),
('egsq0k3cfef5ods5p6a6sf2indcglru5', '::1', 1705512327, 0x5f5f63695f6c6173745f726567656e65726174657c693a313730353531323332373b73657474696e67735f666c6173687c733a33303a2250656e6761747572616e20626572686173696c2064697065726261727569223b5f5f63695f766172737c613a373a7b733a31343a2273657474696e67735f666c617368223b733a333a226f6c64223b733a31313a226c6f67696e5f666c617368223b733a333a226f6c64223b733a31313a2273746f72655f666c617368223b733a333a226f6c64223b733a31313a226f726465725f666c617368223b733a333a226f6c64223b733a31383a22656469745f70726f647563745f666c617368223b733a333a226f6c64223b733a31333a227061796d656e745f666c617368223b733a333a226f6c64223b733a31323a227265766965775f666c617368223b733a333a226f6c64223b7d6c6f67696e5f666c6173687c733a31363a22426572686173696c206c6f676f757421223b73746f72655f666c6173687c733a32363a2250656e646166746172616e20616b756e20626572686173696c21223b6f726465725f666c6173687c733a32363a2253746174757320626572686173696c2064697065726261727569223b656469745f70726f647563745f666c6173687c733a32373a2250726f64756b20626572686173696c206469706572626172756921223b7061796d656e745f666c6173687c733a33323a2250656d6261796172616e20626572686173696c2064696b6f6e6669726d617369223b7265766965775f666c6173687c733a32363a2252657669657720626572686173696c2064696b6972696d6b616e223b7265646972656374696f6e7c4e3b5f5f4143544956455f53455353494f4e5f444154417c733a3235363a226530376136313334393638643035393238383133616361646633653234326266313861363864653139303535656261383161303835373961306432316135323430346166633762616566303363333330396639613939623361356262373239366234383338643337616531393932356638393338326234633532616230616263326a3832373954684f2b30795562515832527830345046434e585849374f79736a324278764153746b7752394d5a4f53384a5657547962414670534d30704a6356446437585a6839313673785635326147782f6f6b6350564f58676448763065747448514e74386d7056465970645a4145396b7979386b4e627a4b6b6157547a223b),
('m38kdk5i043i9aqrf1bgir9l96jpeqlj', '::1', 1705512679, 0x5f5f63695f6c6173745f726567656e65726174657c693a313730353531323637393b73657474696e67735f666c6173687c733a33303a2250656e6761747572616e20626572686173696c2064697065726261727569223b5f5f63695f766172737c613a373a7b733a31343a2273657474696e67735f666c617368223b733a333a226f6c64223b733a31313a226c6f67696e5f666c617368223b733a333a226f6c64223b733a31313a2273746f72655f666c617368223b733a333a226f6c64223b733a31313a226f726465725f666c617368223b733a333a226f6c64223b733a31383a22656469745f70726f647563745f666c617368223b733a333a226f6c64223b733a31333a227061796d656e745f666c617368223b733a333a226f6c64223b733a31323a227265766965775f666c617368223b733a333a226f6c64223b7d6c6f67696e5f666c6173687c733a31363a22426572686173696c206c6f676f757421223b73746f72655f666c6173687c733a32363a2250656e646166746172616e20616b756e20626572686173696c21223b6f726465725f666c6173687c733a32363a2253746174757320626572686173696c2064697065726261727569223b656469745f70726f647563745f666c6173687c733a32373a2250726f64756b20626572686173696c206469706572626172756921223b7061796d656e745f666c6173687c733a33323a2250656d6261796172616e20626572686173696c2064696b6f6e6669726d617369223b7265766965775f666c6173687c733a32363a2252657669657720626572686173696c2064696b6972696d6b616e223b7265646972656374696f6e7c4e3b5f5f4143544956455f53455353494f4e5f444154417c733a3235363a226530376136313334393638643035393238383133616361646633653234326266313861363864653139303535656261383161303835373961306432316135323430346166633762616566303363333330396639613939623361356262373239366234383338643337616531393932356638393338326234633532616230616263326a3832373954684f2b30795562515832527830345046434e585849374f79736a324278764153746b7752394d5a4f53384a5657547962414670534d30704a6356446437585a6839313673785635326147782f6f6b6350564f58676448763065747448514e74386d7056465970645a4145396b7979386b4e627a4b6b6157547a223b),
('9hf58pc90610c95ssdannfrfnqeuqfbm', '::1', 1705512721, 0x5f5f63695f6c6173745f726567656e65726174657c693a313730353531323637393b73657474696e67735f666c6173687c733a33303a2250656e6761747572616e20626572686173696c2064697065726261727569223b5f5f63695f766172737c613a373a7b733a31343a2273657474696e67735f666c617368223b733a333a226f6c64223b733a31313a226c6f67696e5f666c617368223b733a333a226f6c64223b733a31313a2273746f72655f666c617368223b733a333a226f6c64223b733a31313a226f726465725f666c617368223b733a333a226f6c64223b733a31383a22656469745f70726f647563745f666c617368223b733a333a226f6c64223b733a31333a227061796d656e745f666c617368223b733a333a226f6c64223b733a31323a227265766965775f666c617368223b733a333a226f6c64223b7d6c6f67696e5f666c6173687c733a31363a22426572686173696c206c6f676f757421223b73746f72655f666c6173687c733a32363a2250656e646166746172616e20616b756e20626572686173696c21223b6f726465725f666c6173687c733a32363a2253746174757320626572686173696c2064697065726261727569223b656469745f70726f647563745f666c6173687c733a32373a2250726f64756b20626572686173696c206469706572626172756921223b7061796d656e745f666c6173687c733a33323a2250656d6261796172616e20626572686173696c2064696b6f6e6669726d617369223b7265766965775f666c6173687c733a32363a2252657669657720626572686173696c2064696b6972696d6b616e223b7265646972656374696f6e7c4e3b5f5f4143544956455f53455353494f4e5f444154417c733a3235363a226530376136313334393638643035393238383133616361646633653234326266313861363864653139303535656261383161303835373961306432316135323430346166633762616566303363333330396639613939623361356262373239366234383338643337616531393932356638393338326234633532616230616263326a3832373954684f2b30795562515832527830345046434e585849374f79736a324278764153746b7752394d5a4f53384a5657547962414670534d30704a6356446437585a6839313673785635326147782f6f6b6350564f58676448763065747448514e74386d7056465970645a4145396b7979386b4e627a4b6b6157547a223b),
('pcvfc2u0701lcaupm8d4n8evdtqti398', '::1', 1705551152, 0x5f5f63695f6c6173745f726567656e65726174657c693a313730353535313135323b7265646972656374696f6e7c4e3b5f5f4143544956455f53455353494f4e5f444154417c733a3235363a2263366535383135386264646233336166353137356561633133313732366438373538363832383836646139303635636138323737636338656533383261383532643561346232616137323665313133613639666535663838386334353436663031653862323734636132646130313062643330326562346638383831636266395a6f666a726853456f4662434f7675585a46775351354b55414544526e7353486c7635554f706f46326251714a30336c3356477a6f6836704d35355a464c5879647143437163306853544c5253694931427a5a632b3365664b4c75355455677a5a79434d5848483179492f62486d512f343273674a446d44573355414866344b223b),
('p3mdgon8gvs6i7i1obpnlra63gu0kq6a', '::1', 1705551640, 0x5f5f63695f6c6173745f726567656e65726174657c693a313730353535313634303b7265646972656374696f6e7c4e3b5f5f4143544956455f53455353494f4e5f444154417c733a3235363a2263366535383135386264646233336166353137356561633133313732366438373538363832383836646139303635636138323737636338656533383261383532643561346232616137323665313133613639666535663838386334353436663031653862323734636132646130313062643330326562346638383831636266395a6f666a726853456f4662434f7675585a46775351354b55414544526e7353486c7635554f706f46326251714a30336c3356477a6f6836704d35355a464c5879647143437163306853544c5253694931427a5a632b3365664b4c75355455677a5a79434d5848483179492f62486d512f343273674a446d44573355414866344b223b73657474696e67735f666c6173687c733a33303a2250656e6761747572616e20626572686173696c2064697065726261727569223b5f5f63695f766172737c613a313a7b733a31343a2273657474696e67735f666c617368223b733a333a226f6c64223b7d),
('sok5nov49kloa86h7rpagidfa30ea67s', '::1', 1705552056, 0x5f5f63695f6c6173745f726567656e65726174657c693a313730353535323035363b7265646972656374696f6e7c4e3b73657474696e67735f666c6173687c733a32363a2250726f66696c20626572686173696c2064697065726261727569223b5f5f63695f766172737c613a323a7b733a31343a2273657474696e67735f666c617368223b733a333a226f6c64223b733a31313a226c6f67696e5f666c617368223b733a333a226f6c64223b7d6c6f67696e5f666c6173687c733a31363a22426572686173696c206c6f676f757421223b5f5f4143544956455f53455353494f4e5f444154417c733a3235363a22373261323739643535653462613863656139303639646437356436663966643332343837623431616564323334663166613938313066323636386366343736323937326161633339646433306364646636373761366134376163653631356233346466393661663766666164386437643232643937626337656565363735326474636639384e47476e3139552b6c4a6e4462657668723566596c5379794c53496a6a326d53714a7a3969736472466c57336c5255595a2b75506b704b6c6a6b7465596f614941504e62496e2b356d672b6a704448314b47564d7754656f773745512f6d4472736a6c49744c754d35794b394d714246704d70592f56617553756e223b),
('liafj556hepfnji89ikhk7acsnaoj3rk', '::1', 1705552367, 0x5f5f63695f6c6173745f726567656e65726174657c693a313730353535323336373b7265646972656374696f6e7c4e3b73657474696e67735f666c6173687c733a32363a2250726f66696c20626572686173696c2064697065726261727569223b5f5f63695f766172737c613a333a7b733a31343a2273657474696e67735f666c617368223b733a333a226f6c64223b733a31313a226c6f67696e5f666c617368223b733a333a226f6c64223b733a31383a22656469745f70726f647563745f666c617368223b733a333a226f6c64223b7d6c6f67696e5f666c6173687c733a31363a22426572686173696c206c6f676f757421223b656469745f70726f647563745f666c6173687c733a32373a2250726f64756b20626572686173696c206469706572626172756921223b),
('0qpi7hgq91lpohpqv3n347mmkptq3pp4', '::1', 1705552895, 0x5f5f63695f6c6173745f726567656e65726174657c693a313730353535323839353b7265646972656374696f6e7c4e3b73657474696e67735f666c6173687c733a32363a2250726f66696c20626572686173696c2064697065726261727569223b5f5f63695f766172737c613a333a7b733a31343a2273657474696e67735f666c617368223b733a333a226f6c64223b733a31313a226c6f67696e5f666c617368223b733a333a226f6c64223b733a31383a22656469745f70726f647563745f666c617368223b733a333a226f6c64223b7d6c6f67696e5f666c6173687c733a31363a22426572686173696c206c6f676f757421223b656469745f70726f647563745f666c6173687c733a32373a2250726f64756b20626572686173696c206469706572626172756921223b5f5f4143544956455f53455353494f4e5f444154417c733a3235363a226236653835323263346463383661663664326663353032333961336234346562353562306237653336613466373733343738333264383233316239326566323734623931626264633866393964313930646161656466363236303933343465643266333138646630653537663433363534643639656665653430616133343138636d4a32644a584577355846334b2b515751597266456a455168706d795a5a457945417550495a784c554b414a6e5a4a3034674f7432554246305236744938514a7537493257306c2f34776d58373265686e4834344851514274527176726a6234426172414a5975634144326e777452766e7977626f7756304131586631724d223b),
('s1iv63rgtsr4vm44l4tdkjtc9a6o786p', '::1', 1705553230, 0x5f5f63695f6c6173745f726567656e65726174657c693a313730353535333233303b7265646972656374696f6e7c4e3b73657474696e67735f666c6173687c733a32363a2250726f66696c20626572686173696c2064697065726261727569223b5f5f63695f766172737c613a333a7b733a31343a2273657474696e67735f666c617368223b733a333a226f6c64223b733a31313a226c6f67696e5f666c617368223b733a333a226f6c64223b733a31383a22656469745f70726f647563745f666c617368223b733a333a226f6c64223b7d6c6f67696e5f666c6173687c733a31363a22426572686173696c206c6f676f757421223b656469745f70726f647563745f666c6173687c733a32373a2250726f64756b20626572686173696c206469706572626172756921223b5f5f4143544956455f53455353494f4e5f444154417c733a3235363a2266366636336333326335306335616330353032613466306431343732383237363666363134613935316337303963643164653236353337356464333736333164333661316530373532303461306262653364623239363864396139346365356239616266653232383439323930656338396339303662643764616332353131387541733649777876776a34555a477079644e4376416c65324761507641534451623032414e2f494e4168545a6d72315475794347766249456f53347557543344676d45376c4e6a555a325274584869393832336d547a4530492b476a6f584f51754874756e4e7442344471664a52384d6e35776e6a446f317a6c6c4a342f7868223b),
('vkom885npt5ds6q3n072uc54apsrep8u', '::1', 1705553560, 0x5f5f63695f6c6173745f726567656e65726174657c693a313730353535333536303b7265646972656374696f6e7c4e3b73657474696e67735f666c6173687c733a32363a2250726f66696c20626572686173696c2064697065726261727569223b5f5f63695f766172737c613a333a7b733a31343a2273657474696e67735f666c617368223b733a333a226f6c64223b733a31313a226c6f67696e5f666c617368223b733a333a226f6c64223b733a31383a22656469745f70726f647563745f666c617368223b733a333a226f6c64223b7d6c6f67696e5f666c6173687c733a31363a22426572686173696c206c6f676f757421223b656469745f70726f647563745f666c6173687c733a32373a2250726f64756b20626572686173696c206469706572626172756921223b5f5f4143544956455f53455353494f4e5f444154417c733a3235363a2266366636336333326335306335616330353032613466306431343732383237363666363134613935316337303963643164653236353337356464333736333164333661316530373532303461306262653364623239363864396139346365356239616266653232383439323930656338396339303662643764616332353131387541733649777876776a34555a477079644e4376416c65324761507641534451623032414e2f494e4168545a6d72315475794347766249456f53347557543344676d45376c4e6a555a325274584869393832336d547a4530492b476a6f584f51754874756e4e7442344471664a52384d6e35776e6a446f317a6c6c4a342f7868223b636172745f636f6e74656e74737c613a333a7b733a31303a22636172745f746f74616c223b643a32353030303b733a31313a22746f74616c5f6974656d73223b643a313b733a33323a223435633438636365326532643766626465613161666335316337633661643236223b613a363a7b733a323a226964223b733a313a2239223b733a333a22717479223b643a313b733a353a227072696365223b643a32353030303b733a343a226e616d65223b733a31303a2254454c5552204159414d223b733a353a22726f776964223b733a33323a223435633438636365326532643766626465613161666335316337633661643236223b733a383a22737562746f74616c223b643a32353030303b7d7d),
('1f4sf0ao7c2q8c2ibsvdje2422jb26k4', '::1', 1705553862, 0x5f5f63695f6c6173745f726567656e65726174657c693a313730353535333836323b7265646972656374696f6e7c4e3b73657474696e67735f666c6173687c733a32363a2250726f66696c20626572686173696c2064697065726261727569223b5f5f63695f766172737c613a353a7b733a31343a2273657474696e67735f666c617368223b733a333a226f6c64223b733a31313a226c6f67696e5f666c617368223b733a333a226f6c64223b733a31383a22656469745f70726f647563745f666c617368223b733a333a226f6c64223b733a31313a226f726465725f666c617368223b733a333a226f6c64223b733a31333a227061796d656e745f666c617368223b733a333a226f6c64223b7d6c6f67696e5f666c6173687c733a31363a22426572686173696c206c6f676f757421223b656469745f70726f647563745f666c6173687c733a32373a2250726f64756b20626572686173696c206469706572626172756921223b6f726465725f666c6173687c733a32363a2253746174757320626572686173696c2064697065726261727569223b7061796d656e745f666c6173687c733a33323a2250656d6261796172616e20626572686173696c2064696b6f6e6669726d617369223b5f5f4143544956455f53455353494f4e5f444154417c733a3235363a226133313531383331636466326464356236363463333537626266616336393965303961313735643933663365373166323862303437643134633363353132346131626631373130636436393164313937663536393435306132663766343161666130363962623830633463356537633236623132666463303265383663326332313677422f50394572334a7939634d55434b305578342f51596c44687243656450587634334c34372f4276754c324b2b383232496a6664354c6652653746425542445274736e2b42306b31514e557562594c4351665a56314b4849584f3652706c32672f352f553359766d4e41573978634d54786773756a71306b332f79677a223b),
('gc2cgsuh44smo2fv3g1qfv84aqpq6juc', '::1', 1705554165, 0x5f5f63695f6c6173745f726567656e65726174657c693a313730353535343136353b7265646972656374696f6e7c4e3b73657474696e67735f666c6173687c733a32363a2250726f66696c20626572686173696c2064697065726261727569223b5f5f63695f766172737c613a353a7b733a31343a2273657474696e67735f666c617368223b733a333a226f6c64223b733a31313a226c6f67696e5f666c617368223b733a333a226f6c64223b733a31383a22656469745f70726f647563745f666c617368223b733a333a226f6c64223b733a31313a226f726465725f666c617368223b733a333a226f6c64223b733a31333a227061796d656e745f666c617368223b733a333a226f6c64223b7d6c6f67696e5f666c6173687c733a31363a22426572686173696c206c6f676f757421223b656469745f70726f647563745f666c6173687c733a32373a2250726f64756b20626572686173696c206469706572626172756921223b6f726465725f666c6173687c733a32363a2253746174757320626572686173696c2064697065726261727569223b7061796d656e745f666c6173687c733a33323a2250656d6261796172616e20626572686173696c2064696b6f6e6669726d617369223b5f5f4143544956455f53455353494f4e5f444154417c733a3235363a226266376534346466323135646664333962613733636539336634373866323264633833393237653632356664306336393238643466356238343464303831633362386439323133613232333939623266313561376637663833346236613665313665663365363166363735623830316533366234336530376635386135353131674d53783469637858305a355870614a3258617766634867504a5355717265386f58764839374a72626c6a682b6c2f59317762454d3573787a7063345a372f75317447566d4867734d6c6a51384f644a51685239744d77317639415a51354d69354a4c466f73364374675148726d644c42647a3166584946544b694d4762322b223b),
('tl20jqhic010kdrhibm9o3qtj38hf6b3', '::1', 1705554860, 0x5f5f63695f6c6173745f726567656e65726174657c693a313730353535343836303b7265646972656374696f6e7c4e3b73657474696e67735f666c6173687c733a32363a2250726f66696c20626572686173696c2064697065726261727569223b5f5f63695f766172737c613a353a7b733a31343a2273657474696e67735f666c617368223b733a333a226f6c64223b733a31313a226c6f67696e5f666c617368223b733a333a226f6c64223b733a31383a22656469745f70726f647563745f666c617368223b733a333a226f6c64223b733a31313a226f726465725f666c617368223b733a333a226f6c64223b733a31333a227061796d656e745f666c617368223b733a333a226f6c64223b7d6c6f67696e5f666c6173687c733a31363a22426572686173696c206c6f676f757421223b656469745f70726f647563745f666c6173687c733a32373a2250726f64756b20626572686173696c206469706572626172756921223b6f726465725f666c6173687c733a32363a2253746174757320626572686173696c2064697065726261727569223b7061796d656e745f666c6173687c733a33323a2250656d6261796172616e20626572686173696c2064696b6f6e6669726d617369223b5f5f4143544956455f53455353494f4e5f444154417c733a3235363a226266376534346466323135646664333962613733636539336634373866323264633833393237653632356664306336393238643466356238343464303831633362386439323133613232333939623266313561376637663833346236613665313665663365363166363735623830316533366234336530376635386135353131674d53783469637858305a355870614a3258617766634867504a5355717265386f58764839374a72626c6a682b6c2f59317762454d3573787a7063345a372f75317447566d4867734d6c6a51384f644a51685239744d77317639415a51354d69354a4c466f73364374675148726d644c42647a3166584946544b694d4762322b223b),
('f74kf4cs0eqbekonqi7ajucoqlk0iecm', '::1', 1705555164, 0x5f5f63695f6c6173745f726567656e65726174657c693a313730353535353136343b7265646972656374696f6e7c4e3b73657474696e67735f666c6173687c733a32363a2250726f66696c20626572686173696c2064697065726261727569223b5f5f63695f766172737c613a373a7b733a31343a2273657474696e67735f666c617368223b733a333a226f6c64223b733a31313a226c6f67696e5f666c617368223b733a333a226f6c64223b733a31383a22656469745f70726f647563745f666c617368223b733a333a226f6c64223b733a31313a226f726465725f666c617368223b733a333a226f6c64223b733a31333a227061796d656e745f666c617368223b733a333a226f6c64223b733a31323a226f6c645f757365726e616d65223b733a333a226f6c64223b733a31323a227265766965775f666c617368223b733a333a226f6c64223b7d6c6f67696e5f666c6173687c733a31363a22426572686173696c206c6f676f757421223b656469745f70726f647563745f666c6173687c733a32373a2250726f64756b20626572686173696c206469706572626172756921223b6f726465725f666c6173687c733a32363a2253746174757320626572686173696c2064697065726261727569223b7061796d656e745f666c6173687c733a33323a2250656d6261796172616e20626572686173696c2064696b6f6e6669726d617369223b6f6c645f757365726e616d657c733a353a2261646d696e223b5f5f4143544956455f53455353494f4e5f444154417c733a3235363a223938346233316435396563376336643134356635666339663430316334346534626562656166666634333866303664383239373136636466623131656430303865643439366230313764386337656332386130653637666336616562346230623632656261303039323933303335343130666539613030356438323835633939595956646842743276744c31484865506871554967357252396d77673369363571506c665a483972667a314836416f3271794a6e30397579447550592b79363038795632514f34422f67347049684858703455446570474b36357944474b4473656d2f2f6e75576530697058632f6f73753641696a662f6971554e687a61304a223b7265766965775f666c6173687c733a32363a2252657669657720626572686173696c2064696b6972696d6b616e223b),
('m0fhti89qase3p9124rf71qur3osidgp', '::1', 1705555221, 0x5f5f63695f6c6173745f726567656e65726174657c693a313730353535353136343b7265646972656374696f6e7c4e3b73657474696e67735f666c6173687c733a32363a2250726f66696c20626572686173696c2064697065726261727569223b5f5f63695f766172737c613a373a7b733a31343a2273657474696e67735f666c617368223b733a333a226f6c64223b733a31313a226c6f67696e5f666c617368223b733a333a226f6c64223b733a31383a22656469745f70726f647563745f666c617368223b733a333a226f6c64223b733a31313a226f726465725f666c617368223b733a333a226f6c64223b733a31333a227061796d656e745f666c617368223b733a333a226f6c64223b733a31323a226f6c645f757365726e616d65223b733a333a226f6c64223b733a31323a227265766965775f666c617368223b733a333a226f6c64223b7d6c6f67696e5f666c6173687c733a31363a22426572686173696c206c6f676f757421223b656469745f70726f647563745f666c6173687c733a32373a2250726f64756b20626572686173696c206469706572626172756921223b6f726465725f666c6173687c733a32363a2253746174757320626572686173696c2064697065726261727569223b7061796d656e745f666c6173687c733a33323a2250656d6261796172616e20626572686173696c2064696b6f6e6669726d617369223b6f6c645f757365726e616d657c733a353a2261646d696e223b5f5f4143544956455f53455353494f4e5f444154417c733a3235363a223938346233316435396563376336643134356635666339663430316334346534626562656166666634333866303664383239373136636466623131656430303865643439366230313764386337656332386130653637666336616562346230623632656261303039323933303335343130666539613030356438323835633939595956646842743276744c31484865506871554967357252396d77673369363571506c665a483972667a314836416f3271794a6e30397579447550592b79363038795632514f34422f67347049684858703455446570474b36357944474b4473656d2f2f6e75576530697058632f6f73753641696a662f6971554e687a61304a223b7265766965775f666c6173687c733a32363a2252657669657720626572686173696c2064696b6972696d6b616e223b),
('n3dmbkdemgge0op02lhmi7vr79jaujp9', '::1', 1705566340, 0x5f5f63695f6c6173745f726567656e65726174657c693a313730353536363334303b7265646972656374696f6e7c733a38343a226148523063446f764c327876593246736147397a644339306232747658324a31595767766157356b5a586775634768774c324e3163335276625756794c3342686557316c626e527a4c324e76626d5a70636d303d223b),
('rigndhob094voh3e8o2n1aeh5ab03k1i', '::1', 1705566774, 0x5f5f63695f6c6173745f726567656e65726174657c693a313730353536363737343b7265646972656374696f6e7c733a38343a226148523063446f764c327876593246736147397a644339306232747658324a31595767766157356b5a586775634768774c324e3163335276625756794c3342686557316c626e527a4c324e76626d5a70636d303d223b),
('v6984e037mfqqa15qpchuv6jnjg0eeks', '::1', 1705567082, 0x5f5f63695f6c6173745f726567656e65726174657c693a313730353536373038323b7265646972656374696f6e7c733a38343a226148523063446f764c327876593246736147397a644339306232747658324a31595767766157356b5a586775634768774c324e3163335276625756794c3342686557316c626e527a4c324e76626d5a70636d303d223b),
('7buvieugi09c1o4ack56g11olhnc4hqd', '::1', 1705567384, 0x5f5f63695f6c6173745f726567656e65726174657c693a313730353536373338343b7265646972656374696f6e7c733a38343a226148523063446f764c327876593246736147397a644339306232747658324a31595767766157356b5a586775634768774c324e3163335276625756794c3342686557316c626e527a4c324e76626d5a70636d303d223b),
('qfpjf7hcdvhv5jaldmahg4jq2j88emcv', '::1', 1705567687, 0x5f5f63695f6c6173745f726567656e65726174657c693a313730353536373638373b7265646972656374696f6e7c733a38343a226148523063446f764c327876593246736147397a644339306232747658324a31595767766157356b5a586775634768774c324e3163335276625756794c3342686557316c626e527a4c324e76626d5a70636d303d223b),
('vhn9k3og7ccdhcr8ud2l1ssj46un5ort', '::1', 1705567988, 0x5f5f63695f6c6173745f726567656e65726174657c693a313730353536373938383b7265646972656374696f6e7c733a38343a226148523063446f764c327876593246736147397a644339306232747658324a31595767766157356b5a586775634768774c324e3163335276625756794c3342686557316c626e527a4c324e76626d5a70636d303d223b);
INSERT INTO `ci_sessions` (`id`, `ip_address`, `timestamp`, `data`) VALUES
('mqnqj94lpb31ji72k4hf76v19u11bt3m', '::1', 1705568185, 0x5f5f63695f6c6173745f726567656e65726174657c693a313730353536373938383b7265646972656374696f6e7c4e3b6c6f67696e5f666c6173687c733a31363a22426572686173696c206c6f676f757421223b5f5f63695f766172737c613a313a7b733a31313a226c6f67696e5f666c617368223b733a333a226f6c64223b7d5f5f4143544956455f53455353494f4e5f444154417c733a3235363a223165343831336233306337376463393831613931313564363435323965376630326366386235643433393763653638393435616437386464363138326130366636663961633366356239646634323535336639663039623338373030633263656134333266343165343535623731636364383533633632383235656333616163534e53772b6f354d7043554251654e55796974496b456e3431454f7357355531464a564c6d50324c413970366a4a51793935462f38414e616645366a574c643343344359514d786b4a65753132756e6576707366575a7a49495551436d335947334b51503344782b38644541594a61486e72752b76646b797955774935793235223b);

-- --------------------------------------------------------

--
-- Table structure for table `contacts`
--

CREATE TABLE `contacts` (
  `id` int(10) NOT NULL,
  `parent_id` int(10) DEFAULT NULL,
  `name` varchar(32) NOT NULL,
  `subject` varchar(128) DEFAULT NULL,
  `email` varchar(64) NOT NULL,
  `message` mediumtext NOT NULL,
  `contact_date` datetime DEFAULT NULL,
  `status` tinyint(1) DEFAULT 1,
  `reply_at` datetime DEFAULT NULL
) ENGINE=InnoDB DEFAULT CHARSET=utf8mb4 COLLATE=utf8mb4_general_ci;

--
-- Dumping data for table `contacts`
--

INSERT INTO `contacts` (`id`, `parent_id`, `name`, `subject`, `email`, `message`, `contact_date`, `status`, `reply_at`) VALUES
(1, NULL, 'Agung Tri Saputra', 'Pengiriman kok lama?', 'martinms.za@gmail.com', 'pengiriman pesanan saya kok lama ya', '2020-03-29 07:40:13', 2, NULL);

-- --------------------------------------------------------

--
-- Table structure for table `coupons`
--

CREATE TABLE `coupons` (
  `id` bigint(20) NOT NULL,
  `name` varchar(191) NOT NULL,
  `code` varchar(32) NOT NULL,
  `credit` decimal(8,2) NOT NULL,
  `start_date` date NOT NULL,
  `expired_date` date NOT NULL,
  `is_active` tinyint(4) DEFAULT 1
) ENGINE=InnoDB DEFAULT CHARSET=utf8mb4 COLLATE=utf8mb4_general_ci;

--
-- Dumping data for table `coupons`
--

INSERT INTO `coupons` (`id`, `name`, `code`, `credit`, `start_date`, `expired_date`, `is_active`) VALUES
(4, '#KampusNyenengke', 'FIKOM20', '25000.00', '2024-01-18', '2024-02-20', 1);

-- --------------------------------------------------------

--
-- Table structure for table `customers`
--

CREATE TABLE `customers` (
  `id` bigint(20) NOT NULL,
  `user_id` bigint(20) UNSIGNED DEFAULT NULL,
  `name` varchar(191) NOT NULL,
  `phone_number` varchar(32) DEFAULT NULL,
  `address` varchar(191) NOT NULL,
  `profile_picture` varchar(191) DEFAULT NULL
) ENGINE=InnoDB DEFAULT CHARSET=utf8mb4 COLLATE=utf8mb4_general_ci;

--
-- Dumping data for table `customers`
--

INSERT INTO `customers` (`id`, `user_id`, `name`, `phone_number`, `address`, `profile_picture`) VALUES
(11, 13, 'David Kresna', '08999000911', 'Jalan Kuala Mas 6 No. 263', NULL);

-- --------------------------------------------------------

--
-- Table structure for table `orders`
--

CREATE TABLE `orders` (
  `id` bigint(20) NOT NULL,
  `user_id` bigint(20) UNSIGNED DEFAULT NULL,
  `coupon_id` bigint(20) DEFAULT NULL,
  `order_number` varchar(16) NOT NULL,
  `order_status` enum('1','2','3','4','5') DEFAULT '1',
  `order_date` datetime NOT NULL,
  `total_price` decimal(8,2) DEFAULT NULL,
  `total_items` int(10) DEFAULT NULL,
  `payment_method` int(11) DEFAULT 1,
  `delivery_data` text DEFAULT NULL,
  `delivered_date` datetime DEFAULT NULL,
  `finish_date` datetime DEFAULT NULL
) ENGINE=InnoDB DEFAULT CHARSET=utf8mb4 COLLATE=utf8mb4_general_ci;

--
-- Dumping data for table `orders`
--

INSERT INTO `orders` (`id`, `user_id`, `coupon_id`, `order_number`, `order_status`, `order_date`, `total_price`, `total_items`, `payment_method`, `delivery_data`, `delivered_date`, `finish_date`) VALUES
(15, 12, NULL, 'ITV17124212478', '3', '2024-01-17 16:44:42', '35000.00', 2, 2, '{\"customer\":{\"name\":\"David Kresna\",\"phone_number\":\"08999000911\",\"address\":\"Jalan Kuala Mas 6 No. 263\"},\"note\":\"\"}', NULL, NULL),
(16, 12, NULL, 'FMP17124112820', '3', '2024-01-17 16:59:01', '18000.00', 1, 1, '{\"customer\":{\"name\":\"David Kresna\",\"phone_number\":\"08999000911\",\"address\":\"Jalan Kuala Mas 6 No. 263\"},\"note\":\"\"}', NULL, NULL),
(17, 13, 4, 'MLT181241134486', '4', '2024-01-18 05:53:04', '25000.00', 1, 1, '{\"customer\":{\"name\":\"David Kresna\",\"phone_number\":\"08999000911\",\"address\":\"Jalan Kuala Mas 6 No. 263\"},\"note\":\"\"}', NULL, NULL);

-- --------------------------------------------------------

--
-- Table structure for table `order_item`
--

CREATE TABLE `order_item` (
  `id` bigint(20) NOT NULL,
  `order_id` bigint(20) DEFAULT NULL,
  `product_id` bigint(20) DEFAULT NULL,
  `order_qty` int(10) NOT NULL,
  `order_price` decimal(8,2) DEFAULT NULL
) ENGINE=InnoDB DEFAULT CHARSET=utf8mb4 COLLATE=utf8mb4_general_ci;

--
-- Dumping data for table `order_item`
--

INSERT INTO `order_item` (`id`, `order_id`, `product_id`, `order_qty`, `order_price`) VALUES
(3, 4, 2, 1, '31000.00'),
(4, 4, 8, 13, '20000.00'),
(5, 5, 2, 1, '31000.00'),
(6, 5, 13, 12, '20000.00'),
(7, 6, 9, 10, '35000.00'),
(8, 7, 10, 1, '12000.00'),
(9, 7, 9, 1, '35000.00'),
(10, 7, 2, 1, '31000.00'),
(11, 8, 9, 1, '35000.00'),
(12, 8, 1, 5, '65000.00'),
(14, 12, 2, 1, '13000.00'),
(15, 13, 5, 3, '10000.00'),
(16, 14, 1, 3, '20000.00'),
(17, 15, 4, 1, '25000.00'),
(18, 15, 9, 1, '10000.00'),
(19, 16, 2, 1, '13000.00'),
(20, 17, 9, 1, '25000.00');

-- --------------------------------------------------------

--
-- Table structure for table `payments`
--

CREATE TABLE `payments` (
  `id` bigint(20) NOT NULL,
  `order_id` bigint(20) DEFAULT NULL,
  `payment_price` decimal(8,2) DEFAULT NULL,
  `payment_date` datetime NOT NULL,
  `picture_name` varchar(191) DEFAULT NULL,
  `payment_status` enum('1','2','3') DEFAULT '1',
  `confirmed_date` datetime DEFAULT NULL,
  `payment_data` text DEFAULT NULL
) ENGINE=InnoDB DEFAULT CHARSET=utf8mb4 COLLATE=utf8mb4_general_ci;

--
-- Dumping data for table `payments`
--

INSERT INTO `payments` (`id`, `order_id`, `payment_price`, `payment_date`, `picture_name`, `payment_status`, `confirmed_date`, `payment_data`) VALUES
(6, 12, '40000.00', '2020-10-26 07:13:04', 'Tak_berjudul31_20201026111339.jpg', '1', NULL, '{\"transfer_to\":\"mandiri\",\"source\":{\"bank\":\"Mandiri\",\"name\":\"Pembeli1\",\"number\":\"0987654321\"}}'),
(7, 13, '30000.00', '2020-10-26 07:16:59', 'Tak_berjudul31_20201026111236.jpg', '1', NULL, '{\"transfer_to\":\"bca\",\"source\":{\"bank\":\"BCA\",\"name\":\"Pembeli2\",\"number\":\"1122334455\"}}'),
(8, 14, '60000.00', '2020-10-26 08:38:26', 'Bukti_Transfer.jpg', '2', NULL, '{\"transfer_to\":\"mandiri\",\"source\":{\"bank\":\"Mandiri\",\"name\":\"Pembeli4\",\"number\":\"123456789\"}}'),
(9, 16, '18000.00', '2024-01-17 16:59:38', 'abc2c0680a26d5ce829d53e21b1b1530-1.jpg', '2', NULL, '{\"transfer_to\":\"bca\",\"source\":{\"bank\":\"BCA\",\"name\":\"iconnettest\",\"number\":\"123123123123\"}}'),
(10, 17, '25000.00', '2024-01-18 05:53:33', 'image.png', '2', NULL, '{\"transfer_to\":\"bca\",\"source\":{\"bank\":\"BCA\",\"name\":\"David Kresna\",\"number\":\"123123123123\"}}');

-- --------------------------------------------------------

--
-- Table structure for table `products`
--

CREATE TABLE `products` (
  `id` bigint(20) NOT NULL,
  `category_id` int(10) DEFAULT NULL,
  `sku` varchar(32) DEFAULT NULL,
  `name` varchar(191) NOT NULL,
  `description` varchar(191) DEFAULT NULL,
  `picture_name` varchar(191) DEFAULT NULL,
  `price` decimal(8,2) NOT NULL,
  `current_discount` decimal(8,2) DEFAULT 0.00,
  `stock` int(10) NOT NULL,
  `product_unit` varchar(32) DEFAULT NULL,
  `is_available` tinyint(1) DEFAULT 1,
  `add_date` datetime DEFAULT NULL
) ENGINE=InnoDB DEFAULT CHARSET=utf8mb4 COLLATE=utf8mb4_general_ci;

--
-- Dumping data for table `products`
--

INSERT INTO `products` (`id`, `category_id`, `sku`, `name`, `description`, `picture_name`, `price`, `current_discount`, `stock`, `product_unit`, `is_available`, `add_date`) VALUES
(1, 2, 'SB750372', 'ANGGUR HITAM', NULL, 'Tak_berjudul31_202010261113391.jpg', '70000.00', '50000.00', 50, 'Kg', 1, '2020-03-26 15:02:52'),
(2, 2, 'BS350420', 'APEL MERAH', NULL, 'Tak_berjudul31_20201026111306_001.jpg', '33000.00', '20000.00', 1, 'Kg', 1, '2020-03-26 15:03:40'),
(4, 2, 'TS120790', 'MELON SEGAR', NULL, 'Tak_berjudul31_202010261115331.jpg', '60000.00', '35000.00', 100, 'Kg', 1, '2020-03-26 19:36:30'),
(5, 2, 'WS120811', 'PISANG SEGAR', NULL, 'Tak_berjudul31_202010261112361.jpg', '35000.00', '25000.00', 20, 'Kg', 1, '2020-03-26 19:36:51'),
(8, 2, 'PS220885', 'MANGGA SEGAR', NULL, 'Tak_berjudul31_202010261114041.jpg', '20000.00', '15000.00', 50, 'Kg', 1, '2020-03-26 19:38:05'),
(9, 10, 'AB450163', 'TELUR AYAM', NULL, '6487fe9f73030.jpg', '35000.00', '10000.00', 50, 'Kg', 1, '2020-03-26 19:42:43');

-- --------------------------------------------------------

--
-- Table structure for table `product_category`
--

CREATE TABLE `product_category` (
  `id` int(10) NOT NULL,
  `name` varchar(191) NOT NULL
) ENGINE=InnoDB DEFAULT CHARSET=utf8mb4 COLLATE=utf8mb4_general_ci;

--
-- Dumping data for table `product_category`
--

INSERT INTO `product_category` (`id`, `name`) VALUES
(2, 'BUAH'),
(9, 'SAYUR'),
(10, 'TELUR');

-- --------------------------------------------------------

--
-- Table structure for table `reviews`
--

CREATE TABLE `reviews` (
  `id` bigint(20) NOT NULL,
  `user_id` bigint(20) UNSIGNED DEFAULT NULL,
  `order_id` bigint(20) DEFAULT NULL,
  `title` varchar(191) DEFAULT NULL,
  `review_text` mediumtext NOT NULL,
  `review_date` datetime NOT NULL,
  `status` tinyint(1) NOT NULL DEFAULT 1
) ENGINE=InnoDB DEFAULT CHARSET=utf8mb4 COLLATE=utf8mb4_general_ci;

--
-- Dumping data for table `reviews`
--

INSERT INTO `reviews` (`id`, `user_id`, `order_id`, `title`, `review_text`, `review_date`, `status`) VALUES
(2, 7, 6, 'Sangat puas', 'Pengiriman cepat dan sayur segar', '2020-03-30 08:31:31', 1),
(3, 7, 5, 'Buah segar', 'Buah segar dan kualitasnya sangat bagus', '2020-03-30 08:33:10', 1),
(4, 8, 12, 'Toko Buah Segar', 'Sangat Puas Dengan Pelaynan dan Produknya Segar Semua', '2020-10-26 07:13:38', 1),
(5, 10, 13, 'Toko Buah Segar', 'Pesanan Dikrim Tepat Waktu dan Kualitas Segar Segar', '2020-10-26 07:17:35', 1),
(6, 11, 14, 'Toko Buah Segar', 'Sangat Puas Dengan Pelayanan Adminnya', '2020-10-26 08:38:48', 1),
(7, 12, 15, 'Buah nya seger nemen', 'Manttappp euy', '2024-01-17 17:00:10', 1),
(8, 13, 17, 'Pengiriman Cepat', 'Baru juga beli kemarin, barangnya udah sampai', '2024-01-18 06:17:22', 1),
(9, 13, 17, 'Gila ', 'Order Kedua, Barangnya saya kira udah gak fresh ternyata masih fresh !!!', '2024-01-18 06:20:03', 1);

-- --------------------------------------------------------

--
-- Table structure for table `roles`
--

CREATE TABLE `roles` (
  `id` int(10) NOT NULL,
  `role_name` varchar(191) NOT NULL
) ENGINE=InnoDB DEFAULT CHARSET=utf8mb4 COLLATE=utf8mb4_general_ci;

--
-- Dumping data for table `roles`
--

INSERT INTO `roles` (`id`, `role_name`) VALUES
(1, 'Admin'),
(2, 'Customer');

-- --------------------------------------------------------

--
-- Table structure for table `settings`
--

CREATE TABLE `settings` (
  `id` int(10) NOT NULL,
  `key` varchar(32) NOT NULL,
  `content` varchar(191) NOT NULL
) ENGINE=InnoDB DEFAULT CHARSET=utf8mb4 COLLATE=utf8mb4_general_ci;

--
-- Dumping data for table `settings`
--

INSERT INTO `settings` (`id`, `key`, `content`) VALUES
(1, 'current_theme_name', 'vegefoods'),
(2, 'store_name', 'Krisna Sembako'),
(3, 'store_phone_number', '082137077143'),
(4, 'store_email', 'krisnasembako@gmail.com'),
(5, 'store_tagline', 'Belanja Sembako Yang Berkualitas | 24 Jam'),
(6, 'store_logo', 'Logoo.png'),
(7, 'max_product_image_size', '20000'),
(8, 'store_description', 'Tempat Belanja Sembako dengan murah, berkualiktas, mudah dan cepat'),
(9, 'store_address', 'Jl. Kuala Mas VI 263 - Semarang Indonesia'),
(10, 'min_shop_to_free_shipping_cost', '20000'),
(11, 'shipping_cost', '5000'),
(12, 'payment_banks', '{\"mandiri\":{\"bank\":\"Mandiri\",\"number\":\"88990088\",\"name\":\"KRISNA SEMBAKO\"},\"bca\":{\"bank\":\"BCA\",\"number\":\"10000533\",\"name\":\"KRISNA SEMBAKO\"}}');

-- --------------------------------------------------------

--
-- Table structure for table `users`
--

CREATE TABLE `users` (
  `id` bigint(20) UNSIGNED NOT NULL,
  `name` varchar(50) DEFAULT NULL,
  `email` varchar(191) NOT NULL,
  `email_verified_at` timestamp NULL DEFAULT NULL,
  `username` varchar(16) NOT NULL,
  `password` varchar(191) NOT NULL,
  `profile_picture` varchar(128) DEFAULT NULL,
  `role_id` int(10) DEFAULT 0,
  `register_date` datetime DEFAULT NULL
) ENGINE=InnoDB DEFAULT CHARSET=utf8mb4 COLLATE=utf8mb4_unicode_ci;

--
-- Dumping data for table `users`
--

INSERT INTO `users` (`id`, `name`, `email`, `email_verified_at`, `username`, `password`, `profile_picture`, `role_id`, `register_date`) VALUES
(7, 'Admin 1 | Krisna Sembako', 'adminkrisna1@gmail.com', NULL, 'admin', '$2y$10$8g/ydMjIkk4RDX06gUPQS.RCo/lAQujaz4kFvnq1J.0i.8nK9OYAS', '0919f092a8487492631bc84b592a4b0a_icon-wajah1.png', 1, '2020-03-29 08:14:30'),
(12, NULL, 'david.krisna00@gmail.com', NULL, 'david', '$2y$10$.qaU7tNbK39585TVN/0yquHlQq1m19SkUBJs5EI31V57.VWSZfN1m', NULL, 2, '2024-01-17 16:43:01'),
(13, NULL, 'david.krisna12@gmail.com', NULL, 'david2', '$2y$10$RNzlO5m3L2TMAEQrTeQj0eK32D9U3peaQZLBLPz81aiLV6UKImXeC', NULL, 2, '2024-01-17 17:45:16');

--
-- Indexes for dumped tables
--

--
-- Indexes for table `ci_sessions`
--
ALTER TABLE `ci_sessions`
  ADD KEY `ci_sessions_timestamp` (`timestamp`);

--
-- Indexes for table `contacts`
--
ALTER TABLE `contacts`
  ADD PRIMARY KEY (`id`),
  ADD KEY `FK_contacts_contacts` (`parent_id`);

--
-- Indexes for table `coupons`
--
ALTER TABLE `coupons`
  ADD PRIMARY KEY (`id`);

--
-- Indexes for table `customers`
--
ALTER TABLE `customers`
  ADD PRIMARY KEY (`id`),
  ADD KEY `FK_customers_users` (`user_id`);

--
-- Indexes for table `orders`
--
ALTER TABLE `orders`
  ADD PRIMARY KEY (`id`),
  ADD KEY `FK_orders_users` (`user_id`),
  ADD KEY `FK_orders_coupons` (`coupon_id`);

--
-- Indexes for table `order_item`
--
ALTER TABLE `order_item`
  ADD PRIMARY KEY (`id`),
  ADD KEY `order_id` (`order_id`),
  ADD KEY `product_id` (`product_id`);

--
-- Indexes for table `payments`
--
ALTER TABLE `payments`
  ADD PRIMARY KEY (`id`),
  ADD KEY `order_id` (`order_id`);

--
-- Indexes for table `products`
--
ALTER TABLE `products`
  ADD PRIMARY KEY (`id`),
  ADD KEY `FK_products_product_category` (`category_id`);

--
-- Indexes for table `product_category`
--
ALTER TABLE `product_category`
  ADD PRIMARY KEY (`id`);

--
-- Indexes for table `reviews`
--
ALTER TABLE `reviews`
  ADD PRIMARY KEY (`id`),
  ADD KEY `FK_reviews_users` (`user_id`),
  ADD KEY `FK_reviews_orders` (`order_id`);

--
-- Indexes for table `roles`
--
ALTER TABLE `roles`
  ADD PRIMARY KEY (`id`);

--
-- Indexes for table `settings`
--
ALTER TABLE `settings`
  ADD PRIMARY KEY (`id`) USING BTREE;

--
-- Indexes for table `users`
--
ALTER TABLE `users`
  ADD PRIMARY KEY (`id`) USING BTREE,
  ADD UNIQUE KEY `users_email_unique` (`email`) USING BTREE,
  ADD KEY `role_id` (`role_id`);

--
-- AUTO_INCREMENT for dumped tables
--

--
-- AUTO_INCREMENT for table `contacts`
--
ALTER TABLE `contacts`
  MODIFY `id` int(10) NOT NULL AUTO_INCREMENT, AUTO_INCREMENT=3;

--
-- AUTO_INCREMENT for table `coupons`
--
ALTER TABLE `coupons`
  MODIFY `id` bigint(20) NOT NULL AUTO_INCREMENT, AUTO_INCREMENT=5;

--
-- AUTO_INCREMENT for table `customers`
--
ALTER TABLE `customers`
  MODIFY `id` bigint(20) NOT NULL AUTO_INCREMENT, AUTO_INCREMENT=12;

--
-- AUTO_INCREMENT for table `orders`
--
ALTER TABLE `orders`
  MODIFY `id` bigint(20) NOT NULL AUTO_INCREMENT, AUTO_INCREMENT=18;

--
-- AUTO_INCREMENT for table `order_item`
--
ALTER TABLE `order_item`
  MODIFY `id` bigint(20) NOT NULL AUTO_INCREMENT, AUTO_INCREMENT=21;

--
-- AUTO_INCREMENT for table `payments`
--
ALTER TABLE `payments`
  MODIFY `id` bigint(20) NOT NULL AUTO_INCREMENT, AUTO_INCREMENT=11;

--
-- AUTO_INCREMENT for table `products`
--
ALTER TABLE `products`
  MODIFY `id` bigint(20) NOT NULL AUTO_INCREMENT, AUTO_INCREMENT=15;

--
-- AUTO_INCREMENT for table `product_category`
--
ALTER TABLE `product_category`
  MODIFY `id` int(10) NOT NULL AUTO_INCREMENT, AUTO_INCREMENT=11;

--
-- AUTO_INCREMENT for table `reviews`
--
ALTER TABLE `reviews`
  MODIFY `id` bigint(20) NOT NULL AUTO_INCREMENT, AUTO_INCREMENT=10;

--
-- AUTO_INCREMENT for table `roles`
--
ALTER TABLE `roles`
  MODIFY `id` int(10) NOT NULL AUTO_INCREMENT, AUTO_INCREMENT=3;

--
-- AUTO_INCREMENT for table `settings`
--
ALTER TABLE `settings`
  MODIFY `id` int(10) NOT NULL AUTO_INCREMENT, AUTO_INCREMENT=13;

--
-- AUTO_INCREMENT for table `users`
--
ALTER TABLE `users`
  MODIFY `id` bigint(20) UNSIGNED NOT NULL AUTO_INCREMENT, AUTO_INCREMENT=14;

--
-- Constraints for dumped tables
--

--
-- Constraints for table `contacts`
--
ALTER TABLE `contacts`
  ADD CONSTRAINT `FK_contacts_contacts` FOREIGN KEY (`parent_id`) REFERENCES `contacts` (`id`) ON DELETE CASCADE ON UPDATE NO ACTION;

--
-- Constraints for table `customers`
--
ALTER TABLE `customers`
  ADD CONSTRAINT `FK_customers_users` FOREIGN KEY (`user_id`) REFERENCES `users` (`id`) ON DELETE NO ACTION ON UPDATE CASCADE;

--
-- Constraints for table `orders`
--
ALTER TABLE `orders`
  ADD CONSTRAINT `FK_orders_coupons` FOREIGN KEY (`coupon_id`) REFERENCES `coupons` (`id`) ON DELETE SET NULL ON UPDATE CASCADE,
  ADD CONSTRAINT `FK_orders_users` FOREIGN KEY (`user_id`) REFERENCES `users` (`id`) ON DELETE NO ACTION ON UPDATE CASCADE;

--
-- Constraints for table `payments`
--
ALTER TABLE `payments`
  ADD CONSTRAINT `FK_payments_orders` FOREIGN KEY (`order_id`) REFERENCES `orders` (`id`) ON DELETE NO ACTION ON UPDATE NO ACTION;
COMMIT;

/*!40101 SET CHARACTER_SET_CLIENT=@OLD_CHARACTER_SET_CLIENT */;
/*!40101 SET CHARACTER_SET_RESULTS=@OLD_CHARACTER_SET_RESULTS */;
/*!40101 SET COLLATION_CONNECTION=@OLD_COLLATION_CONNECTION */;
